"","distance","diversity","diversity2","MeanLat","MeanLon","annual_avg","RelAbundDiff","NumSpeciesDiff"
"distance",1,0.277611566604481,0.0511365858596371,-0.555819876859246,-0.26633375472788,-0.463073233730735,0.0489533405661078,0.349770389925425
"diversity",0.277611566604481,1,-0.390426946794078,-0.345240751783918,-0.318635098003779,-0.296837521182913,-0.00781062259773442,0.110636380363773
"diversity2",0.0511365858596371,-0.390426946794078,1,-0.0157824136212175,0.0591218560427694,0.0759289486048762,0.0494386063622527,0.0107054576234083
"MeanLat",-0.555819876859246,-0.345240751783918,-0.0157824136212175,1,0.752867311920159,0.648209976159894,-0.113805399278567,-0.233849018536413
"MeanLon",-0.26633375472788,-0.318635098003779,0.0591218560427694,0.752867311920159,1,0.386585533308785,-0.0814463429405068,-0.150740577415539
"annual_avg",-0.463073233730735,-0.296837521182913,0.0759289486048762,0.648209976159894,0.386585533308785,1,0.0638629764265925,-0.430157958508081
"RelAbundDiff",0.0489533405661078,-0.00781062259773442,0.0494386063622527,-0.113805399278567,-0.0814463429405068,0.0638629764265925,1,-0.565621606552796
"NumSpeciesDiff",0.349770389925425,0.110636380363773,0.0107054576234083,-0.233849018536413,-0.150740577415539,-0.430157958508081,-0.565621606552796,1
