"","distance","overlap","annual_avg","DistKM"
"distance",1,0.130159435235555,0.0631548110356634,-0.252907928304479
"overlap",0.130159435235555,1,0.262740443810404,-0.28053644015772
"annual_avg",0.0631548110356634,0.262740443810404,1,-0.866576330786947
"DistKM",-0.252907928304479,-0.28053644015772,-0.866576330786947,1
